Group,Item,Content,Spec,category,period,updatetime
自动切管机（48）,按键（开关、旋钮）操作是否正常,按键（开关、旋钮）操作是否正常,,1,1,2018/7/19 20:17
自动切管机（48）,机器表面是否清洁,机器表面是否清洁,,1,1,2018/7/19 20:17
自动切管机（48）,机器是否能够正常开机使用,机器是否能够正常开机使用,,1,1,2018/7/19 20:17
自动切管机（48）,计时器显示是否正常,计时器显示是否正常,,1,1,2018/7/19 20:17
自动切管机（48）,切刀刀口处是否有损伤,切刀刀口处是否有损伤,,1,1,2018/7/19 20:17
自动切管机（48）,旋转滚轴是否干净,旋转滚轴是否干净,,1,1,2018/7/19 20:17
自动点胶机（62）,电源线及电源指示灯是否正常,电源线及电源指示灯是否正常,,1,1,2018/7/19 20:17
自动点胶机（62）,各气管接口是否漏气,各气管接口是否漏气,,1,1,2018/7/19 20:17
自动点胶机（62）,机台外观是否干净,机台外观是否干净,,1,1,2018/7/19 20:17
自动点胶机（62）,检查程序设定是否正常,检查程序设定是否正常,,1,1,2018/7/19 20:17
自动点胶机（62）,检查气压是什否在0.5Mpa~0.7Mpa,检查气压是什否在0.5Mpa~0.7Mpa,,1,1,2018/7/19 20:17
自动点胶机（62）,检查手动出胶是否正常,检查手动出胶是否正常,,1,1,2018/7/19 20:17
自动点胶机（62）,控制手柄连接是否正常,控制手柄连接是否正常,,1,1,2018/7/19 20:17
自动打包机(29),裁刀是否锋利,裁刀是否锋利,,1,1,2018/7/19 20:17
自动打包机(29),打包时有无经常卡带,打包时有无经常卡带,,1,1,2018/7/19 20:17
自动打包机(29),机器各部开关是否灵活,机器各部开关是否灵活,,1,1,2018/7/19 20:17
自动打包机(29),机器外观是否干净,机器外观是否干净,,1,1,2018/7/19 20:17
自动打包机(29),排气扇是否正常,排气扇是否正常,,1,1,2018/7/19 20:17
自动打包机(29),烫嘴温度是否正常,烫嘴温度是否正常,,1,1,2018/7/19 20:17
紫外干燥箱（47,电源开关是否灵活,电源开关是否灵活,,1,1,2018/7/19 20:17
紫外干燥箱（47,机器外观是否干净,机器外观是否干净,,1,1,2018/7/19 20:17
紫外干燥箱（47,机箱内是否干净,机箱内是否干净,,1,1,2018/7/19 20:17
紫外干燥箱（47,计时器显示是否正常,计时器显示是否正常,,1,1,2018/7/19 20:17
紫外干燥箱（47,门拉手是否灵活,门拉手是否灵活,,1,1,2018/7/19 20:17
紫外干燥箱（47,排气扇是否正常,排气扇是否正常,,1,1,2018/7/19 20:17
紫外干燥箱（47,温度显示器显示是否正常,温度显示器显示是否正常,,1,1,2018/7/19 20:17
准直器半自动调节系统(57) A2,参数值记录,参数值记录,,1,1,2018/7/19 20:17
准直器半自动调节系统(57) A2,参数值是否在规格内,参数值是否在规格内,,1,1,2018/7/19 20:17
准直器半自动调节系统(57) A2,检查机器平台是否平衡无摇晃,检查机器平台是否平衡无摇晃,,1,1,2018/7/19 20:17
准直器半自动调节系统(57) A2,检查机器外观是否干净,检查机器外观是否干净,,1,1,2018/7/19 20:17
准直器半自动调节系统(57) A2,检查气压表在气压在范围内:0.3Mpa~0.6Mpa,检查气压表在气压在范围内:0.3Mpa~0.6Mpa,,1,1,2018/7/19 20:17
准直器半自动调节系统(57) A2,检查在点胶机，针头是否能正常出胶,检查在点胶机，针头是否能正常出胶,,1,1,2018/7/19 20:17
准直器半自动调节系统(57) A2,软件打开后，按下复位开关，电机是否能正常复位,软件打开后，按下复位开关，电机是否能正常复位,,1,1,2018/7/19 20:17
中心加压研磨机（03）,机台各部开关是否灵活,机台各部开关是否灵活,,1,1,2018/7/19 20:17
中心加压研磨机（03）,机台外观是否干净,机台外观是否干净,,1,1,2018/7/19 20:17
中心加压研磨机（03）,时间继电器及计数器是否正常,时间继电器及计数器是否正常,,1,1,2018/7/19 20:17
中心加压研磨机（03）,调速开关是否正常，风扇是否正常运转,调速开关是否正常，风扇是否正常运转,,1,1,2018/7/19 20:17
中心加压研磨机（03）,压力杆及压力锤调节是否顺畅,压力杆及压力锤调节是否顺畅,,1,1,2018/7/19 20:17
中心加压研磨机（03）,压力杆上的螺丝有无松动,压力杆上的螺丝有无松动,,1,1,2018/7/19 20:17
中心加压研磨机（03）,研磨机底盘有无异常晃动,研磨机底盘有无异常晃动,,1,1,2018/7/19 20:17
振动试验机(28),报警器是否正常,报警器是否正常,,1,1,2018/7/19 20:17
振动试验机(28),机器各部开关是否正常,机器各部开关是否正常,,1,1,2018/7/19 20:17
振动试验机(28),机器外观是否干净,机器外观是否干净,,1,1,2018/7/19 20:17
振动试验机(28),振动频率设置是否正常,振动频率设置是否正常,,1,1,2018/7/19 20:17
真空干燥箱（46）,机台各部开关是否灵活,机台各部开关是否灵活,,1,1,2018/7/19 20:17
真空干燥箱（46）,机台外观是否干净,机台外观是否干净,,1,1,2018/7/19 20:17
真空干燥箱（46）,机箱内是否干净,机箱内是否干净,,1,1,2018/7/19 20:17
真空干燥箱（46）,门拉手是否灵活,门拉手是否灵活,,1,1,2018/7/19 20:17
真空干燥箱（46）,气压表显示是否正常,气压表显示是否正常,,1,1,2018/7/19 20:17
真空干燥箱（46）,真空泵是否正常运行,真空泵是否正常运行,,1,1,2018/7/19 20:17
盐雾试验机(27),机器控制开关是否正常工作,机器控制开关是否正常工作,,1,1,2018/7/19 20:17
盐雾试验机(27),机器时间设定是否正常,机器时间设定是否正常,,1,1,2018/7/19 20:17
盐雾试验机(27),机器外观是否干净,机器外观是否干净,,1,1,2018/7/19 20:17
盐雾试验机(27),机器温度控制是否正常,机器温度控制是否正常,,1,1,2018/7/19 20:17
盐雾试验机(27),气压开关调节是否正常,气压开关调节是否正常,,1,1,2018/7/19 20:17
盐雾试验机(27),箱体内部是否干净,箱体内部是否干净,,1,1,2018/7/19 20:17
盐雾试验机(27),箱体是否完全密封,箱体是否完全密封,,1,1,2018/7/19 20:17
显微镜（25),灯光亮度是否正常,灯光亮度是否正常,,1,1,2018/7/19 20:17
显微镜（25),机器表面是否干净,机器表面是否干净,,1,1,2018/7/19 20:17
显微镜（25),清洁显微镜的目镜及物镜,清洁显微镜的目镜及物镜,,1,1,2018/7/19 20:17
显微镜（25),清洁显微镜的目镜及物镜,清洁显微镜的目镜及物镜,,1,1,2018/7/19 20:17
显微镜（25),仪器升降是否正常,仪器升降是否正常,,1,1,2018/7/19 20:17
显微镜 (三楼)（24）,灯光亮度是否正常,灯光亮度是否正常,,1,1,2018/7/19 20:17
显微镜 (三楼)（24）,机器表面是否干净,机器表面是否干净,,1,1,2018/7/19 20:17
显微镜 (三楼)（24）,清洁显微镜的目镜及物镜,清洁显微镜的目镜及物镜,,1,1,2018/7/19 20:17
显微镜 (三楼)（24）,仪器升降是否正常,仪器升降是否正常,,1,1,2018/7/19 20:17
调芯仪 (49),2.5mm 1.25mm夹具是否有松动现象,2.5mm 1.25mm夹具是否有松动现象,,1,1,2018/7/19 20:17
调芯仪 (49),标准件在合格范围之内,标准件在合格范围之内,,1,1,2018/7/19 20:17
调芯仪 (49),各线接口无松动,各线接口无松动,,1,1,2018/7/19 20:17
调芯仪 (49),机器外观干净,机器外观干净,,1,1,2018/7/19 20:17
调芯仪 (49),夹具螺丝是否紧固定,夹具螺丝是否紧固定,,1,1,2018/7/19 20:17
调芯仪 (49),焦距调节正常,焦距调节正常,,1,1,2018/7/19 20:17
调芯仪 (49),图像是否清晰，各部件开关灵活,图像是否清晰，各部件开关灵活,,1,1,2018/7/19 20:17
调节架(52),机台各部件螺丝有无松动,机台各部件螺丝有无松动,,1,1,2018/7/19 20:17
调节架(52),检查X Y Z轴是否灵活,检查X Y Z轴是否灵活,,1,1,2018/7/19 20:17
调节架(52),检查调节架是否在脏物与灰尘,检查调节架是否在脏物与灰尘,,1,1,2018/7/19 20:17
台钻(26),底盘上升及下降是否灵活,底盘上升及下降是否灵活,,1,1,2018/7/19 20:17
台钻(26),机台各部开关是否灵活,机台各部开关是否灵活,,1,1,2018/7/19 20:17
台钻(26),机台外观是否干净,机台外观是否干净,,1,1,2018/7/19 20:17
台钻(26),夹头能否夹紧钻头,夹头能否夹紧钻头,,1,1,2018/7/19 20:17
台钻(26),运转有无摆动,运转有无摆动,,1,1,2018/7/19 20:17
四角加压研磨机（01）,电源线是正常,电源线是正常,,1,1,2018/7/19 20:17
四角加压研磨机（01）,机台各部开关是否灵活,机台各部开关是否灵活,,1,1,2018/7/19 20:17
四角加压研磨机（01）,机台外观是否干净,机台外观是否干净,,1,1,2018/7/19 20:17
四角加压研磨机（01）,排气扇是否正常运转,排气扇是否正常运转,,1,1,2018/7/19 20:17
四角加压研磨机（01）,四角螺丝调节是否顺畅,四角螺丝调节是否顺畅,,1,1,2018/7/19 20:17
四角加压研磨机（01）,研磨机底盘有无晃动,研磨机底盘有无晃动,,1,1,2018/7/19 20:17
手动压接机（22）,齿轮是否缺油,齿轮是否缺油,,1,1,2018/7/19 20:17
手动压接机（22）,弹簧有无变形,弹簧有无变形,,1,1,2018/7/19 20:17
手动压接机（22）,机台各部件螺丝是否松动,机台各部件螺丝是否松动,,1,1,2018/7/19 20:17
手动压接机（22）,机台外观是否干净,机台外观是否干净,,1,1,2018/7/19 20:17
手动压接机（22）,手柄压接是否顺畅,手柄压接是否顺畅,,1,1,2018/7/19 20:17
手动压接机（22）,限位螺丝是否变形,限位螺丝是否变形,,1,1,2018/7/19 20:17
手动压接机（22）,压接磨具是否磨损,压接磨具是否磨损,,1,1,2018/7/19 20:17
手动弹簧拉压试验机(56),机台各部开关是否灵活,机台各部开关是否灵活,,1,1,2018/7/19 20:17
手动弹簧拉压试验机(56),机台外观是否干净,机台外观是否干净,,1,1,2018/7/19 20:17
手动弹簧拉压试验机(56),检查变形量显示尺是否准确,检查变形量显示尺是否准确,,1,1,2018/7/19 20:17
手动弹簧拉压试验机(56),检查测量盘是否有变形损坏,检查测量盘是否有变形损坏,,1,1,2018/7/19 20:17
手动弹簧拉压试验机(56),检查测量手柄是否灵活,检查测量手柄是否灵活,,1,1,2018/7/19 20:17
十倍放大镜（23）,机器各部开关是否灵活,机器各部开关是否灵活,,1,1,2018/7/19 20:17
十倍放大镜（23）,机器外观是否干净,机器外观是否干净,,1,1,2018/7/19 20:17
十倍放大镜（23）,镜面有无划伤痕迹,镜面有无划伤痕迹,,1,1,2018/7/19 20:17
十倍放大镜（23）,螺丝是否灵活,螺丝是否灵活,,1,1,2018/7/19 20:17
十倍放大镜（23）,压杆是否灵活,压杆是否灵活,,1,1,2018/7/19 20:17
熔接机(38),按键（开关、旋钮）操作是否正常,按键（开关、旋钮）操作是否正常,,1,1,2018/7/19 20:17
熔接机(38),机器表面是否清洁,机器表面是否清洁,,1,1,2018/7/19 20:17
熔接机(38),机器放电校正是否正常,机器放电校正是否正常,,1,1,2018/7/19 20:17
熔接机(38),机器内内侧V槽是否整洁,机器内内侧V槽是否整洁,,1,1,2018/7/19 20:17
熔接机(38),机器有无过热现象,机器有无过热现象,,1,1,2018/7/19 20:17
熔接机(38),清洁熔接机上的镜头,清洁熔接机上的镜头,,1,1,2018/7/19 20:17
熔接机(38),设备能否正常开机使用,设备能否正常开机使用,,1,1,2018/7/19 20:17
热盘(40),按键操作是否正常,按键操作是否正常,,1,1,2018/7/19 20:17
热盘(40),机器表面是否清洁,机器表面是否清洁,,1,1,2018/7/19 20:17
热盘(40),机器能否正常开机使用,机器能否正常开机使用,,1,1,2018/7/19 20:17
热盘(40),机器有无过热现象,机器有无过热现象,,1,1,2018/7/19 20:17
热盘(40),检验设定温度与实际温度的差别,检验设定温度与实际温度的差别,,1,1,2018/7/19 20:17
热盘(40),实测温度多少,实测温度多少,,1,1,2018/7/19 20:17
热盘(40),温度是否能达到要求,温度是否能达到要求,,1,1,2018/7/19 20:17
热风机(31),档位切换是否灵活,档位切换是否灵活,,1,1,2018/7/19 20:17
热风机(31),电源线是否破皮现象,电源线是否破皮现象,,1,1,2018/7/19 20:17
热风机(31),各部件螺丝有无松动,各部件螺丝有无松动,,1,1,2018/7/19 20:17
热风机(31),机器声音是否正常,机器声音是否正常,,1,1,2018/7/19 20:17
热风机(31),调节温度开关是否正常,调节温度开关是否正常,,1,1,2018/7/19 20:17
热风机(31),外观是否干净,外观是否干净,,1,1,2018/7/19 20:17
热剥钳(33),刀口是否磨损变形,刀口是否磨损变形,,1,1,2018/7/19 20:17
热剥钳(33),加热是否正常,加热是否正常,,1,1,2018/7/19 20:17
热剥钳(33),外观是否干净,外观是否干净,,1,1,2018/7/19 20:17
热剥机(43),按键（开关、旋钮）操作是否正常,按键（开关、旋钮）操作是否正常,,1,1,2018/7/19 20:17
热剥机(43),刀片有无损伤,刀片有无损伤,,1,1,2018/7/19 20:17
热剥机(43),电源插头有无生锈,电源插头有无生锈,,1,1,2018/7/19 20:17
热剥机(43),设备表面是否清洁,设备表面是否清洁,,1,1,2018/7/19 20:17
热剥机(43),设备电源电压是否正常,设备电源电压是否正常,,1,1,2018/7/19 20:17
热剥机(43),设备能否正常开机使用,设备能否正常开机使用,,1,1,2018/7/19 20:17
热剥机(43),用点温计检查温度是否在90℃±5℃范围内,用点温计检查温度是否在90℃±5℃范围内,,1,1,2018/7/19 20:17
气体(50),序号,序号,,1,1,2018/7/19 20:17
气动压接机（17）,机台外观是否干净,机台外观是否干净,,1,1,2018/7/19 20:17
气动压接机（17）,脚踏开关是否灵活,脚踏开关是否灵活,,1,1,2018/7/19 20:17
气动压接机（17）,磨具有无磨损,磨具有无磨损,,1,1,2018/7/19 20:17
气动压接机（17）,气管接口有无漏气,气管接口有无漏气,,1,1,2018/7/19 20:17
气动压接机（17）,气源处理器调节是否正常,气源处理器调节是否正常,,1,1,2018/7/19 20:17
气动压接机（17）,上模及底模螺丝是否松动,上模及底模螺丝是否松动,,1,1,2018/7/19 20:17
气动压接机（17）,调节上模螺母是否顺畅,调节上模螺母是否顺畅,,1,1,2018/7/19 20:17
平面研磨机抛光机（60),粗磨盘/抛光皮与底盘是否脱胶,粗磨盘/抛光皮与底盘是否脱胶,,1,1,2018/7/19 20:17
平面研磨机抛光机（60),粗磨盘厚度是否≥0.5mm,粗磨盘厚度是否≥0.5mm,,1,1,2018/7/19 20:17
平面研磨机抛光机（60),粗磨盘换盘日期及修面日期,粗磨盘换盘日期及修面日期,,1,1,2018/7/19 20:17
平面研磨机抛光机（60),检查研磨盘螺丝是否变形松动,检查研磨盘螺丝是否变形松动,,1,1,2018/7/19 20:17
平面研磨机抛光机（60),搅拌桶与蠕动泵是否正常,搅拌桶与蠕动泵是否正常,,1,1,2018/7/19 20:17
平面研磨机抛光机（60),盘面是否有划痕，崩口，脏污,盘面是否有划痕，崩口，脏污,,1,1,2018/7/19 20:17
平面研磨机抛光机（60),研磨机各指示灯是否正常工作,研磨机各指示灯是否正常工作,,1,1,2018/7/19 20:17
喷码机（18）,感觉开关是否灵敏,感觉开关是否灵敏,,1,1,2018/7/19 20:17
喷码机（18）,机箱外观是否干净,机箱外观是否干净,,1,1,2018/7/19 20:17
喷码机（18）,"检测机器墨水,稀释量是否有报警","检测机器墨水,稀释量是否有报警",,1,1,2018/7/19 20:17
喷码机（18）,检查喷头是否保持干净,检查喷头是否保持干净,,1,1,2018/7/19 20:17
喷码机（18）,喷码机是否有漏墨,喷码机是否有漏墨,,1,1,2018/7/19 20:17
喷码机（18）,印字是否清晰,印字是否清晰,,1,1,2018/7/19 20:17
喷码机（18）,转轮是否洁净,转轮是否洁净,,1,1,2018/7/19 20:17
离心脱泡机（19）,电源开关是否正常,电源开关是否正常,,1,1,2018/7/19 20:17
离心脱泡机（19）,机器内是否干净,机器内是否干净,,1,1,2018/7/19 20:17
离心脱泡机（19）,机器外观是否干净,机器外观是否干净,,1,1,2018/7/19 20:17
离心脱泡机（19）,机器转速是否正常,机器转速是否正常,,1,1,2018/7/19 20:17
离心脱泡机（19）,时间设置是否准确,时间设置是否准确,,1,1,2018/7/19 20:17
离心脱泡机（19）,运转时有无噪音,运转时有无噪音,,1,1,2018/7/19 20:17
冷盘(41),按键操作是否正常,按键操作是否正常,,1,1,2018/7/19 20:17
冷盘(41),机器能否正常开机使用,机器能否正常开机使用,,1,1,2018/7/19 20:17
冷盘(41),机器平台 表面是否清洁,机器平台 表面是否清洁,,1,1,2018/7/19 20:17
冷盘(41),机器有无过热现象,机器有无过热现象,,1,1,2018/7/19 20:17
冷盘(41),实测温度多少,实测温度多少,,1,1,2018/7/19 20:17
冷盘(41),温度是否能达到要求,温度是否能达到要求,,1,1,2018/7/19 20:17
监视器及端面检测仪（20）,插头有无磨损,插头有无磨损,,1,1,2018/7/19 20:17
监视器及端面检测仪（20）,电源线及指示灯是否正常,电源线及指示灯是否正常,,1,1,2018/7/19 20:17
监视器及端面检测仪（20）,机台开关是否正常,机台开关是否正常,,1,1,2018/7/19 20:17
监视器及端面检测仪（20）,机台外观是否干净,机台外观是否干净,,1,1,2018/7/19 20:17
监视器及端面检测仪（20）,监视器画面有无斑点,监视器画面有无斑点,,1,1,2018/7/19 20:17
监视器及端面检测仪（20）,镜头是否干净,镜头是否干净,,1,1,2018/7/19 20:17
监视器及端面检测仪（20）,数据线是否松动,数据线是否松动,,1,1,2018/7/19 20:17
极性测试仪(55),定期清洁MPO测试接口,定期清洁MPO测试接口,,1,1,2018/7/19 20:17
极性测试仪(55),机台各部开关是否灵活,机台各部开关是否灵活,,1,1,2018/7/19 20:17
极性测试仪(55),机台外观是否干净,机台外观是否干净,,1,1,2018/7/19 20:17
极性测试仪(55),脚踏开关是否灵活,脚踏开关是否灵活,,1,1,2018/7/19 20:17
烘干炉（21）,机器各部开关是否灵活,机器各部开关是否灵活,,1,1,2018/7/19 20:17
烘干炉（21）,机器外观是否干净,机器外观是否干净,,1,1,2018/7/19 20:17
烘干炉（21）,机箱内是否干净,机箱内是否干净,,1,1,2018/7/19 20:17
烘干炉（21）,实测温度是多少,实测温度是多少,,1,1,2018/7/19 20:17
烘干炉（21）,温度上升是否正常,温度上升是否正常,,1,1,2018/7/19 20:17
烘干炉（21）,箱门是否灵活开关,箱门是否灵活开关,,1,1,2018/7/19 20:17
恒温箱(30),按键操作是否正常,按键操作是否正常,,1,1,2018/7/19 20:17
恒温箱(30),机器表面是否清洁,机器表面是否清洁,,1,1,2018/7/19 20:17
恒温箱(30),机器能否正常开机使用,机器能否正常开机使用,,1,1,2018/7/19 20:17
恒温箱(30),机器有无噪音,机器有无噪音,,1,1,2018/7/19 20:17
恒温箱(30),设置温度是否稳定正常,设置温度是否稳定正常,,1,1,2018/7/19 20:17
恒温箱(30),箱门是否灵活,箱门是否灵活,,1,1,2018/7/19 20:17
恒温箱(30),箱体内是否有脏物与灰尘,箱体内是否有脏物与灰尘,,1,1,2018/7/19 20:17
光源(36),按键操作是否正常,按键操作是否正常,,1,1,2018/7/19 20:17
光源(36),光源输出功率是否稳定,光源输出功率是否稳定,,1,1,2018/7/19 20:17
光源(36),机器表面是否清洁,机器表面是否清洁,,1,1,2018/7/19 20:17
光源(36),机器有无过热现象,机器有无过热现象,,1,1,2018/7/19 20:17
光源(36),输出光功率是否达到要求,输出光功率是否达到要求,,1,1,2018/7/19 20:17
光纤头自动组装机（61）,检查感应器是否正常,检查感应器是否正常,,1,1,2018/7/19 20:17
光纤头自动组装机（61）,检查机器是否干净,检查机器是否干净,,1,1,2018/7/19 20:17
光纤头自动组装机（61）,检查每个调节阀螺丝是否出现松动,检查每个调节阀螺丝是否出现松动,,1,1,2018/7/19 20:17
光纤头自动组装机（61）,检查每个组装位置是否对准,检查每个组装位置是否对准,,1,1,2018/7/19 20:17
光纤头自动组装机（61）,检查振盘上料是否顺畅,检查振盘上料是否顺畅,,1,1,2018/7/19 20:17
光纤头自动组装机（61）,检查转盘旋转是否正常,检查转盘旋转是否正常,,1,1,2018/7/19 20:17
光纤头自动组装机（61）,清洁振盘内灰尘碎屑,清洁振盘内灰尘碎屑,,1,1,2018/7/19 20:17
光束分析仪(51),CMOS相机表面是否洁净,CMOS相机表面是否洁净,,1,1,2018/7/19 20:17
光束分析仪(51),参数值是否处于调节规格内,参数值是否处于调节规格内,,1,1,2018/7/19 20:17
光束分析仪(51),产品调节位置是否正对相机,产品调节位置是否正对相机,,1,1,2018/7/19 20:17
光束分析仪(51),单纤调节1工位参数值（510±10）,单纤调节1工位参数值（510±10）,,1,1,2018/7/19 20:17
光束分析仪(51),单纤调节2工位参数值（540±10）,单纤调节2工位参数值（540±10）,,1,1,2018/7/19 20:17
光束分析仪(51),设备能否正常开机使用,设备能否正常开机使用,,1,1,2018/7/19 20:17
光束分析仪(51),"相机到右侧调节架距离是否满足
要求（8±0.2cm）","相机到右侧调节架距离是否满足
要求（8±0.2cm）",,1,1,2018/7/19 20:17
光束分析仪(51),序号,序号,,1,1,2018/7/19 20:17
固化炉（16）,风扇是否正常运转,风扇是否正常运转,,1,1,2018/7/19 20:17
固化炉（16）,机台各部件螺丝有无松动,机台各部件螺丝有无松动,,1,1,2018/7/19 20:17
固化炉（16）,机台各部开关是否灵活,机台各部开关是否灵活,,1,1,2018/7/19 20:17
固化炉（16）,机台外观是否干净,机台外观是否干净,,1,1,2018/7/19 20:17
固化炉（16）,加温棒是否安全,加温棒是否安全,,1,1,2018/7/19 20:17
固化炉（16）,时间继电器及温度设置是否正常,时间继电器及温度设置是否正常,,1,1,2018/7/19 20:17
固化炉（16）,温度上升是否正常,温度上升是否正常,,1,1,2018/7/19 20:17
功率计(37),按键操作是否正常,按键操作是否正常,,1,1,2018/7/19 20:17
功率计(37),归零是否正常,归零是否正常,,1,1,2018/7/19 20:17
功率计(37),机器表面是否清洁,机器表面是否清洁,,1,1,2018/7/19 20:17
功率计(37),机器能否正常开机使用,机器能否正常开机使用,,1,1,2018/7/19 20:17
功率计(37),机器有无过热现象,机器有无过热现象,,1,1,2018/7/19 20:17
功率计(37),清洁适配器底座与裸纤适配器,清洁适配器底座与裸纤适配器,,1,1,2018/7/19 20:17
高低温交变湿热试验箱（15）,搁板有无生锈,搁板有无生锈,,1,1,2018/7/19 20:17
高低温交变湿热试验箱（15）,机台各部开关是否灵活,机台各部开关是否灵活,,1,1,2018/7/19 20:17
高低温交变湿热试验箱（15）,机台外观是否干净,机台外观是否干净,,1,1,2018/7/19 20:17
高低温交变湿热试验箱（15）,机箱内是否干净整齐,机箱内是否干净整齐,,1,1,2018/7/19 20:17
高低温交变湿热试验箱（15）,连接导线是否牢固,连接导线是否牢固,,1,1,2018/7/19 20:17
高低温交变湿热试验箱（15）,门拉手是否灵活，,门拉手是否灵活，,,1,1,2018/7/19 20:17
高低温交变湿热试验箱（15）,温度上升是否正常,温度上升是否正常,,1,1,2018/7/19 20:17
高低温交变湿热试验箱（15）,序号,序号,,1,1,2018/7/19 20:17
干燥机（58）,检查开关是否正常,检查开关是否正常,,1,1,2018/7/19 20:17
干燥机（58）,检查温度是否正常(20~40℃),检查温度是否正常(20~40℃),,1,1,2018/7/19 20:17
封口机（14）,导热片是否正常,导热片是否正常,,1,1,2018/7/19 20:17
封口机（14）,电源线是否正常,电源线是否正常,,1,1,2018/7/19 20:17
封口机（14）,隔热布有无损伤,隔热布有无损伤,,1,1,2018/7/19 20:17
封口机（14）,海绵有无破损,海绵有无破损,,1,1,2018/7/19 20:17
封口机（14）,机台外观是否干净,机台外观是否干净,,1,1,2018/7/19 20:17
封口机（14）,时间是否准确,时间是否准确,,1,1,2018/7/19 20:17
封口机（14）,指示灯是否正常,指示灯是否正常,,1,1,2018/7/19 20:17
电子防潮柜(42),按键（开关、旋钮）操作是否正常,按键（开关、旋钮）操作是否正常,,1,1,2018/7/19 20:17
电子防潮柜(42),电源插头有无生锈,电源插头有无生锈,,1,1,2018/7/19 20:17
电子防潮柜(42),隔板有无变形,隔板有无变形,,1,1,2018/7/19 20:17
电子防潮柜(42),设备表面是否清洁,设备表面是否清洁,,1,1,2018/7/19 20:17
电子防潮柜(42),设备电源电压是否正常,设备电源电压是否正常,,1,1,2018/7/19 20:17
电子防潮柜(42),设备能否正常开机使用,设备能否正常开机使用,,1,1,2018/7/19 20:17
电子防潮柜(42),温度点检值（25℃±5℃）,温度点检值（25℃±5℃）,,1,1,2018/7/19 20:17
电子称（13）,电源是否正常,电源是否正常,,1,1,2018/7/19 20:17
电子称（13）,机台各部开关是否灵活,机台各部开关是否灵活,,1,1,2018/7/19 20:17
电子称（13）,机台外观是否干净,机台外观是否干净,,1,1,2018/7/19 20:17
电子称（13）,水珠是否在中心位置,水珠是否在中心位置,,1,1,2018/7/19 20:17
电子称（13）,显示面板是否正常,显示面板是否正常,,1,1,2018/7/19 20:17
电热恒温鼓风干燥箱（12）,搁板有无生锈,搁板有无生锈,,1,1,2018/7/19 20:17
电热恒温鼓风干燥箱（12）,机台各部开关是否灵活,机台各部开关是否灵活,,1,1,2018/7/19 20:17
电热恒温鼓风干燥箱（12）,机台外观是否干净,机台外观是否干净,,1,1,2018/7/19 20:17
电热恒温鼓风干燥箱（12）,机箱内是否干净整齐,机箱内是否干净整齐,,1,1,2018/7/19 20:17
电热恒温鼓风干燥箱（12）,门拉手是否灵活,门拉手是否灵活,,1,1,2018/7/19 20:17
电热恒温鼓风干燥箱（12）,排气扇是否正常,排气扇是否正常,,1,1,2018/7/19 20:17
电热恒温鼓风干燥箱（12）,温度上升是否正常,温度上升是否正常,,1,1,2018/7/19 20:17
电冰箱（11）,储存温度20°C-25°C,储存温度20°C-25°C,,1,1,2018/7/19 20:17
电冰箱（11）,电机是否正常运转,电机是否正常运转,,1,1,2018/7/19 20:17
电冰箱（11）,机台各部开关是否灵活,机台各部开关是否灵活,,1,1,2018/7/19 20:17
电冰箱（11）,机台外观是否干净,机台外观是否干净,,1,1,2018/7/19 20:17
电冰箱（11）,机箱内是否干净整齐,机箱内是否干净整齐,,1,1,2018/7/19 20:17
电冰箱（11）,门拉手是否灵活,门拉手是否灵活,,1,1,2018/7/19 20:17
电冰箱（11）,温度是否正常,温度是否正常,,1,1,2018/7/19 20:17
点温计(35),部件按钮是否正常,部件按钮是否正常,,1,1,2018/7/19 20:17
点温计(35),电池是否正常供电,电池是否正常供电,,1,1,2018/7/19 20:17
点温计(35),探头是否正常使用,探头是否正常使用,,1,1,2018/7/19 20:17
点温计(35),外观是否干净,外观是否干净,,1,1,2018/7/19 20:17
点胶机（10）,电源线及电源指示灯是否正常,电源线及电源指示灯是否正常,,1,1,2018/7/19 20:17
点胶机（10）,各气管接口是否漏气,各气管接口是否漏气,,1,1,2018/7/19 20:17
点胶机（10）,机台外观是否干净,机台外观是否干净,,1,1,2018/7/19 20:17
点胶机（10）,脚踏开关是否灵活,脚踏开关是否灵活,,1,1,2018/7/19 20:17
点胶机（10）,手动及自动开关是否正常,手动及自动开关是否正常,,1,1,2018/7/19 20:17
点胶机（10）,调节气压阀是否正常,调节气压阀是否正常,,1,1,2018/7/19 20:17
点胶机（10）,调整时间是否准确,调整时间是否准确,,1,1,2018/7/19 20:17
低温冰柜(44),电机是否正常运转,电机是否正常运转,,1,1,2018/7/19 20:17
低温冰柜(44),机器各部开关是否灵活,机器各部开关是否灵活,,1,1,2018/7/19 20:17
低温冰柜(44),机器外观是否干净,机器外观是否干净,,1,1,2018/7/19 20:17
低温冰柜(44),门拉手是否灵活,门拉手是否灵活,,1,1,2018/7/19 20:17
低温冰柜(44),设置温度是否能达到要求,设置温度是否能达到要求,,1,1,2018/7/19 20:17
低温冰柜(44),温度是否正常,温度是否正常,,1,1,2018/7/19 20:17
除湿机（04）,出水管是否堵塞,出水管是否堵塞,,1,1,2018/7/19 20:17
除湿机（04）,过滤网是否干净,过滤网是否干净,,1,1,2018/7/19 20:17
除湿机（04）,机台各部开关是否灵活,机台各部开关是否灵活,,1,1,2018/7/19 20:17
除湿机（04）,机台外观是否干净,机台外观是否干净,,1,1,2018/7/19 20:17
除湿机（04）,温湿度的设置是否正常,温湿度的设置是否正常,,1,1,2018/7/19 20:17
超声波塑胶熔接机（05）,焊头底模及工作台是否整齐干净,焊头底模及工作台是否整齐干净,,1,1,2018/7/19 20:17
超声波塑胶熔接机（05）,机台各部开关是否灵活,机台各部开关是否灵活,,1,1,2018/7/19 20:17
超声波塑胶熔接机（05）,机台外观是否干净,机台外观是否干净,,1,1,2018/7/19 20:17
超声波塑胶熔接机（05）,检查线缆接头是否松动,检查线缆接头是否松动,,1,1,2018/7/19 20:17
超声波塑胶熔接机（05）,螺杆是否缺油,螺杆是否缺油,,1,1,2018/7/19 20:17
超声波塑胶熔接机（05）,磨具是否磨损,磨具是否磨损,,1,1,2018/7/19 20:17
超声波塑胶熔接机（05）,气压是否正常,气压是否正常,,1,1,2018/7/19 20:17
超声波清洗机（06）,电源线是否正常,电源线是否正常,,1,1,2018/7/19 20:17
超声波清洗机（06）,电源指示灯是否正常,电源指示灯是否正常,,1,1,2018/7/19 20:17
超声波清洗机（06）,放水阀门是否正常,放水阀门是否正常,,1,1,2018/7/19 20:17
超声波清洗机（06）,风扇是否正常运转,风扇是否正常运转,,1,1,2018/7/19 20:17
超声波清洗机（06）,机台外观是否干净,机台外观是否干净,,1,1,2018/7/19 20:17
超声波清洗机（06）,加温棒是否正常加温,加温棒是否正常加温,,1,1,2018/7/19 20:17
超声波清洗机（06）,水位是否满2/3,水位是否满2/3,,1,1,2018/7/19 20:17
插芯气动压接机（59）,机台外观是否干净,机台外观是否干净,,1,1,2018/7/19 20:17
插芯气动压接机（59）,开关是否灵活,开关是否灵活,,1,1,2018/7/19 20:17
插芯气动压接机（59）,目视检查冲压头是否有缺损,目视检查冲压头是否有缺损,,1,1,2018/7/19 20:17
插芯气动压接机（59）,气管接口有无漏气,气管接口有无漏气,,1,1,2018/7/19 20:17
插芯气动压接机（59）,气压表气压是否正常,气压表气压是否正常,,1,1,2018/7/19 20:17
插芯气动压接机（59）,气源处理器调节是否正常,气源处理器调节是否正常,,1,1,2018/7/19 20:17
插回损测试仪（09）,标准线是否合格（端面）,标准线是否合格（端面）,,1,1,2018/7/19 20:17
插回损测试仪（09）,光源是否稳定,光源是否稳定,,1,1,2018/7/19 20:17
插回损测试仪（09）,机台各部开关是否灵活,机台各部开关是否灵活,,1,1,2018/7/19 20:17
插回损测试仪（09）,机台外观是否干净,机台外观是否干净,,1,1,2018/7/19 20:17
插回损测试仪（09）,探头有无磨损,探头有无磨损,,1,1,2018/7/19 20:17
插回损测试仪（09）,主线是否合格（端面）,主线是否合格（端面）,,1,1,2018/7/19 20:17
叉车(53),检查叉车是否部件螺丝是否紧固，无松动现象,检查叉车是否部件螺丝是否紧固，无松动现象,,1,1,2018/7/19 20:17
叉车(53),检查叉车是否干净,检查叉车是否干净,,1,1,2018/7/19 20:17
叉车(53),检查叉车是否完好，无损坏,检查叉车是否完好，无损坏,,1,1,2018/7/19 20:17
叉车(53),检查叉车是否有漏油现象,检查叉车是否有漏油现象,,1,1,2018/7/19 20:17
叉车(53),检查胶轮的是否有磨损现象,检查胶轮的是否有磨损现象,,1,1,2018/7/19 20:17
叉车(53),检查胶轮是否干净，以防卡死,检查胶轮是否干净，以防卡死,,1,1,2018/7/19 20:17
叉车(53),检查升降把手，转动拉力杆等操作灵活,检查升降把手，转动拉力杆等操作灵活,,1,1,2018/7/19 20:17
裁缆机（07）,裁刀是否锋利,裁刀是否锋利,,1,1,2018/7/19 20:17
裁缆机（07）,放线电机是否正常运转,放线电机是否正常运转,,1,1,2018/7/19 20:17
裁缆机（07）,机台各部开关是否灵活,机台各部开关是否灵活,,1,1,2018/7/19 20:17
裁缆机（07）,机台外观是否干净,机台外观是否干净,,1,1,2018/7/19 20:17
裁缆机（07）,控制面板有无破损,控制面板有无破损,,1,1,2018/7/19 20:17
裁缆机（07）,收线电机是否正常,收线电机是否正常,,1,1,2018/7/19 20:17
裁缆机（07）,调速开关是否正常,调速开关是否正常,,1,1,2018/7/19 20:17
剥纤钳(34),保养人：,保养人：,,1,1,2018/7/19 20:17
剥纤钳(34),弹簧有无变形,弹簧有无变形,,1,1,2018/7/19 20:17
剥纤钳(34),活动部分是否上防锈油,活动部分是否上防锈油,,1,1,2018/7/19 20:17
剥纤钳(34),扣子是否灵活,扣子是否灵活,,1,1,2018/7/19 20:17
剥纤钳(34),钳口有无生锈,钳口有无生锈,,1,1,2018/7/19 20:17
剥纤钳(34),外观是否干净,外观是否干净,,1,1,2018/7/19 20:17
剥纤钳(34),序号,序号,,1,1,2018/7/19 20:17
剥皮钳(32),刀片露出高度是否在合格范围（1.0~1.1mm）,刀片露出高度是否在合格范围（1.0~1.1mm）,,1,1,2018/7/19 20:17
剥皮钳(32),刀片是否锋利,刀片是否锋利,,1,1,2018/7/19 20:17
剥皮钳(32),螺丝有无松动,螺丝有无松动,,1,1,2018/7/19 20:17
剥皮钳(32),外观是否干净,外观是否干净,,1,1,2018/7/19 20:17
标准件（45）,IL（插损）是否在±0.1dB,IL（插损）是否在±0.1dB,,1,1,2018/7/19 20:17
标准件（45）,PDL(偏振）是否在±0.05dB,PDL(偏振）是否在±0.05dB,,1,1,2018/7/19 20:17
标准件（45）,点检人：,点检人：,,1,1,2018/7/19 20:17
标准件（45）,器件外观是否有破损、断裂,器件外观是否有破损、断裂,,1,1,2018/7/19 20:17
标准件（45）,序号,序号,,1,1,2018/7/19 20:17
UV光源（39）,UV光导管与产品之间距离是否符合要求,UV光导管与产品之间距离是否符合要求,,1,1,2018/7/19 20:17
UV光源（39）,按键操作是否正常,按键操作是否正常,,1,1,2018/7/19 20:17
UV光源（39）,机器UV光强是否能达到要求,机器UV光强是否能达到要求,,1,1,2018/7/19 20:17
UV光源（39）,机器机器表面是否干净,机器机器表面是否干净,,1,1,2018/7/19 20:17
UV光源（39）,机器能否正常开机使用,机器能否正常开机使用,,1,1,2018/7/19 20:17
UV光源（39）,机器有无过热现象,机器有无过热现象,,1,1,2018/7/19 20:17
Sheet6,电源线是正常,电源线是正常,,1,1,2018/7/19 20:17
Sheet6,机台各部开关是否灵活,机台各部开关是否灵活,,1,1,2018/7/19 20:17
Sheet6,检查研磨盘螺丝是否变形,检查研磨盘螺丝是否变形,,1,1,2018/7/19 20:17
Sheet6,排气扇是否正常运转,排气扇是否正常运转,,1,1,2018/7/19 20:17
Sheet6,四角螺丝调节是否顺畅,四角螺丝调节是否顺畅,,1,1,2018/7/19 20:17
Sheet6,研磨机底盘有无晃动,研磨机底盘有无晃动,,1,1,2018/7/19 20:17
LED UV烤箱(54),UV烤箱功率是否正常,UV烤箱功率是否正常,,1,1,2018/7/19 20:17
LED UV烤箱(54),机器开关是否正常,机器开关是否正常,,1,1,2018/7/19 20:17
LED UV烤箱(54),机器连接线是否紧固,机器连接线是否紧固,,1,1,2018/7/19 20:17
LED UV烤箱(54),机器通风散热是否正常,机器通风散热是否正常,,1,1,2018/7/19 20:17
LED UV烤箱(54),"机器外观,箱体内是否干净","机器外观,箱体内是否干净",,1,1,2018/7/19 20:17
LED UV烤箱(54),检查机器设定时间与功率是否达到要求,检查机器设定时间与功率是否达到要求,,1,1,2018/7/19 20:17
Domaille研磨机（02）,机器研磨盘是否洁净,机器研磨盘是否洁净,,1,1,2018/7/19 20:17
Domaille研磨机（02）,机台各部件螺丝有无松动,机台各部件螺丝有无松动,,1,1,2018/7/19 20:17
Domaille研磨机（02）,检查研磨盘螺丝是否变形,检查研磨盘螺丝是否变形,,1,1,2018/7/19 20:17
Domaille研磨机（02）,水槽及线架是否完好,水槽及线架是否完好,,1,1,2018/7/19 20:17
Domaille研磨机（02）,压力表及气压表是否正常,压力表及气压表是否正常,,1,1,2018/7/19 20:17
Domaille研磨机（02）,压力及转速旋钮是否正常,压力及转速旋钮是否正常,,1,1,2018/7/19 20:17
Domaille研磨机（02）,研磨粉配比是否正确,研磨粉配比是否正确,,1,1,2018/7/19 20:17
3D检测仪（08）,2.5及1.25夹头是否松动,2.5及1.25夹头是否松动,,1,1,2018/7/19 20:17
3D检测仪（08）,标准是否在合格范围之内,标准是否在合格范围之内,,1,1,2018/7/19 20:17
3D检测仪（08）,底座有无松动,底座有无松动,,1,1,2018/7/19 20:17
3D检测仪（08）,各线接口是否松动,各线接口是否松动,,1,1,2018/7/19 20:17
3D检测仪（08）,机台外观是否干净,机台外观是否干净,,1,1,2018/7/19 20:17
3D检测仪（08）,图像是否清晰，各部开关是否灵活,图像是否清晰，各部开关是否灵活,,1,1,2018/7/19 20:17
3D检测仪（08）,稳压器是否正常,稳压器是否正常,,1,1,2018/7/19 20:17
24芯极性测试仪(14),MPO接口,检查光输出和输入接口端面是否干净,干净,2,90,2018/7/19 20:17
24芯极性测试仪(14),脚踏,脚踏开关是否灵活,正常,2,90,2018/7/19 20:17
24芯极性测试仪(14),开关,机台各部开关是否灵活,正常,2,90,2018/7/19 20:17
24芯极性测试仪(14),清洁,机台外观是否干净,干净,2,90,2018/7/19 20:17
24芯极性测试仪(14),线序,检查自定义线序是否正常,正常,2,90,2018/7/19 20:17
-40冷板(47),加水,检查水箱内是否有水,加水到水箱口,2,90,2018/7/19 20:17
-40冷板(47),检查不温,检查循环水温度,14℃~18℃,2,90,2018/7/19 20:17
-40冷板(47),检查开关按键,重复开关按键是否正常,正常,2,90,2018/7/19 20:17
-40冷板(47),温度,检测设定温度与实际温度差异,±2,2,90,2018/7/19 20:17
LED UV光源(26),除尘,机器内部除尘,无灰尘,2,90,2018/7/19 20:17
LED UV光源(26),灯泡寿命,查看灯泡使用时间,达到寿命的更换灯泡,2,90,2018/7/19 20:17
LED UV光源(26),光导管,目检光导管端面,无损伤与脏物,2,90,2018/7/19 20:17
LED UV光源(26),光功率强度,用紫外照度计检测光功率强度,达到工艺工序要求,2,90,2018/7/19 20:17
UPS电源(15),充电,检查充电是否正常,正常,2,90,2018/7/19 20:17
UPS电源(15),清洁,机台外观是否干净,干净,2,90,2018/7/19 20:17
UPS电源(15),输出,检查输出电压是否正常,220V,2,90,2018/7/19 20:17
UV光源(27),除尘,机器内部除尘,无灰尘,2,90,2018/7/19 20:17
UV光源(27),除尘,检查散热风扇与机体内灰尘,无灰尘,2,90,2018/7/19 20:17
UV光源(27),灯泡寿命,查看灯泡使用时间,达到寿命的更换灯泡,2,90,2018/7/19 20:17
UV光源(27),光导管,目检光导管端面,无损伤与脏物,2,90,2018/7/19 20:17
UV光源(27),光功率强度,用紫外照度计检测光功率强度,达到工艺工序要求,2,90,2018/7/19 20:17
半自动绕纤机（37）,刀片,查看刀片缺口与锋利,锋利无缺口,2,90,2018/7/19 20:17
半自动绕纤机（37）,光纤夹橡皮垫,目检光纤夹橡皮垫是否有破损与脏物,无破损脏物,2,90,2018/7/19 20:17
半自动绕纤机（37）,气压,查看气压是否达到机器要求6Mpa,达到6Mpa,2,90,2018/7/19 20:17
半自动绕纤机（37）,纤损,目检10条光纤是否有受损,无受损,2,90,2018/7/19 20:17
半自动绕纤机（37）,长度,检查10条光纤长度是否达到要求,达到要求,2,90,2018/7/19 20:17
冰箱（34）,除冰,除去冰箱内冰块,无冰块,2,90,2018/7/19 20:17
冰箱（34）,除尘,检查机器内部灰尘,无灰尘,2,90,2018/7/19 20:17
冰箱（34）,温度,检查设定温度与实测温度差异,±2℃,2,90,2018/7/19 20:17
剥纤机(16),按键,检查按键操作是否正常,正常,2,90,2018/7/19 20:17
剥纤机(16),刀片,用显微镜检查刀片有无损伤,无损伤缺口,2,90,2018/7/19 20:17
剥纤机(16),清洁,机台外观是否干净,干净,2,90,2018/7/19 20:17
剥纤机(16),试纤,试剥一根康宁单模光纤用45倍显微镜检查光纤是否损伤,无损伤,2,90,2018/7/19 20:17
剥纤机(16),温度,用点温计检查温度是否正常,±5℃,2,90,2018/7/19 20:17
裁缆机(18),裁刀,用不同型号的光缆检查裁刀是否锋利,能切断光缆,2,90,2018/7/19 20:17
裁缆机(18),放线电机,移动滑轮装置检查放线电机是否正常运转,正常,2,90,2018/7/19 20:17
裁缆机(18),控制面板、开关,控制面板功能是否正常、机台各部开关是否能正常使用,正常,2,90,2018/7/19 20:17
裁缆机(18),清洁,机台外观是否干净,干净,2,90,2018/7/19 20:17
裁缆机(18),收线电机,试裁光缆观察收线电机运行是否正常,正常,2,90,2018/7/19 20:17
裁缆机(18),压线轮,目测检查压线轮有无磨损,无磨损,2,90,2018/7/19 20:17
裁缆机(18),长度,检查设定长度与实际裁缆长度公差是否正常,±1cm,2,90,2018/7/19 20:17
超声波清洗机(19),定时开关（仅对有此功能机型）,检查定时开关是否正常,正常,2,90,2018/7/19 20:17
超声波清洗机(19),加热器（仅对有此功能机型）,检查加热器加热是否正常,正常,2,90,2018/7/19 20:17
超声波清洗机(19),开关,检查机台各部开关是否能正常,正常,2,90,2018/7/19 20:17
超声波清洗机(19),清洁,检查机台外观是否干净,干净,2,90,2018/7/19 20:17
超声波清洗机(33),超声波频率,检查超声波频率可调,正常可调,2,90,2018/7/19 20:17
超声波清洗机(33),定时器,检查定时器是否正常,定时正常,2,90,2018/7/19 20:17
超声波清洗机(33),加热器,检查机器加热器加热是否正常,正常加热,2,90,2018/7/19 20:17
超声波清洗机(33),漏水,拆机检查机器内部是否有漏水现象,无漏水,2,90,2018/7/19 20:17
超声波清洗机(33),内槽,检查内槽是否有脏物,无脏物,2,90,2018/7/19 20:17
超声波清洗机(33),排水阀,检查排水阀是否有堵塞,无堵塞,2,90,2018/7/19 20:17
单多模插回损仪(01),插损,清零后转动检查是否跑零,<0.05,2,90,2018/7/19 20:17
单多模插回损仪(01),功能键,检查按键是否失灵,正常,2,90,2018/7/19 20:17
单多模插回损仪(01),光输出功率,检查光输出功率是否正常,≥-6dB,2,90,2018/7/19 20:17
单多模插回损仪(01),回损,回损校机后检查是否正常,>60dB,2,90,2018/7/19 20:17
单多模插回损仪(01),接地,检查接地是否良好,良好,2,90,2018/7/19 20:17
单多模插回损仪(01),镜片,目检镜片是否有脏污或损伤,无脏污或损伤,2,90,2018/7/19 20:17
单多模插回损仪(01),主线,用端检仪检查端面是否有脏污或胶块,无脏污或胶块,2,90,2018/7/19 20:17
单芯对准器(32),V形槽,45X显微镜检查V形槽脏物与损伤,无脏物 损伤,2,90,2018/7/19 20:17
单芯对准器(32),损耗,测试对准器损耗变化,小于0.05db,2,90,2018/7/19 20:17
单芯对准器(32),重复性,重复对准测试查看参数变化,无变化,2,90,2018/7/19 20:17
低温冰柜 冰箱(48),除冰,除去冰柜内部冰块,无冰块,2,90,2018/7/19 20:17
低温冰柜 冰箱(48),除尘,除线路上的灰尘与脏物,无灰尘与脏物,2,90,2018/7/19 20:17
低温冰柜 冰箱(48),检测温度,检测实际温度与设定温度差异,±2,2,90,2018/7/19 20:17
低温冰柜 冰箱(48),检测线路,拆机检测内部线路是否紧固,紧固,2,90,2018/7/19 20:17
点胶机(08),XYZ三轴,检查XYZ三轴运行是否顺畅，点胶位置是否正确,正常,2,90,2018/7/19 20:17
点胶机(08),编程手柄,编程信号传输是否正常,正常,2,90,2018/7/19 20:17
点胶机(08),气管,各气管接口是否漏气,正常,2,90,2018/7/19 20:17
点胶机(08),气压阀,调节气压阀压力显示是否正常,正常,2,90,2018/7/19 20:17
点胶机(08),清洁,机台外观是否干净,干净,2,90,2018/7/19 20:17
电热恒温鼓风干燥箱(44),超温保护器,设置超温保护器功能是否正常,正常,2,90,2018/7/19 20:17
电热恒温鼓风干燥箱(44),接地,接地是否良好,良好,2,90,2018/7/19 20:17
电热恒温鼓风干燥箱(44),冷凝器风扇,检查风扇是否运转正常,灵活转动，无杂音,2,90,2018/7/19 20:17
电热恒温鼓风干燥箱(44),门栓,检查门扣是否损伤，检查关门是否正常,无损伤，正常关门,2,90,2018/7/19 20:17
电热恒温鼓风干燥箱(44),密封条,检查密封胶条，是否有破损，用手触摸是否有弹性,有弹性,2,90,2018/7/19 20:17
电热恒温鼓风干燥箱(44),清洁,检查循环箱内部是否洁净,洁净,2,90,2018/7/19 20:17
电热恒温鼓风干燥箱(44),散热风扇,检查风扇是否运转正常,灵活转动，无杂音,2,90,2018/7/19 20:17
电子称(41),精度,用砝码检测电子称精度小于0.05g,小于0.05g,2,90,2018/7/19 20:17
电子称(41),托盘,目检托盘脏物与灰尘,无脏物灰尘,2,90,2018/7/19 20:17
端面检测仪(03),镜头,目检镜头是否有脏污或损伤,无脏污或损伤,2,90,2018/7/19 20:17
端面检测仪(03),清晰度,用标准件检查清度是否正常,标准件,2,90,2018/7/19 20:17
端面检测仪(03),探头,探头有无磨损,正常,2,90,2018/7/19 20:17
端面检测仪(03),调焦环,调焦顺畅是否有滑丝,正常,2,90,2018/7/19 20:17
封口机(20),导热片,检查导热片是否正常,正常,2,90,2018/7/19 20:17
封口机(20),隔热布,检查隔热布有无损伤,无损伤,2,90,2018/7/19 20:17
封口机(20),清洁,检查机台外观是否干净,干净,2,90,2018/7/19 20:17
封口机(20),温度调节,检查温度调节器是否正常,正常,2,90,2018/7/19 20:17
干涉仪(02),干涉仪稳定性,用一个好的夹具校机后检查设备稳定性是否良好,半径±0.3um、偏移±3um角度±0.03um,2,90,2018/7/19 20:17
干涉仪(02),夹具稳定性,用标准件校机后检查夹具稳定性是否良好,半径±0.3um、偏移±3um角度±0.03um,2,90,2018/7/19 20:17
干涉仪(02),角度扳手,左右扳动扳手检查是否到位,正常,2,90,2018/7/19 20:17
干涉仪(02),镜头,目检镜头是否有脏污或损伤,无脏污或损伤,2,90,2018/7/19 20:17
干涉仪(02),平台,检查平台活动性是否良好,正常,2,90,2018/7/19 20:17
高低温湿热试验箱(43),超温保护器,设置超温保护器功能是否正常,正常,2,90,2018/7/19 20:17
高低温湿热试验箱(43),程式,检查程式设置是否与工艺文件一致,与工艺文件一致,2,90,2018/7/19 20:17
高低温湿热试验箱(43),接地,检查接地是否良好,良好,2,90,2018/7/19 20:17
高低温湿热试验箱(43),冷凝器风扇,检查风扇是否运转正常,灵活转动，无杂音,2,90,2018/7/19 20:17
高低温湿热试验箱(43),门栓,检查门扣是否损伤，检查关门是否正常,无损伤，正常关门,2,90,2018/7/19 20:17
高低温湿热试验箱(43),密封条,检查密封胶条，是否有破损，用手触摸是否有弹性,无破损，有弹性,2,90,2018/7/19 20:17
高低温湿热试验箱(43),清洁,检查循环箱内部是否洁净,洁净,2,90,2018/7/19 20:17
光功率计（38）,裸纤适配器,清洁裸纤适配器脏物与灰尘,无脏物灰尘,2,90,2018/7/19 20:17
光功率计（38）,探头,目检探头镜片是否有损坏与磨损,无损坏磨损,2,90,2018/7/19 20:17
光功率计（38）,探头变量,转动180度检测裸纤适配器变量小于0.05db,小于0.05db,2,90,2018/7/19 20:17
光开关（39）,光衰减,光开关各通道光衰减小于0.2dbm,小于0.2dbm,2,90,2018/7/19 20:17
光开关（39）,连接头端面,用手持式端检仪检测连接头端面有损坏,端面无损坏,2,90,2018/7/19 20:17
光开关（39）,稳定性,光开关静置0.5小时变化量小于0.05db,小于0.05db,2,90,2018/7/19 20:17
光开关（39）,重复性测试,光开关重复切换通道变化小于0.05db,小于0.05db,2,90,2018/7/19 20:17
光束分析仪(23),CCD 镜片脏物,查看CCD 镜片是否有脏物，用棉签粘少许轻轻往同一个方向轻轻擦试镜片,镜片无脏物 ,2,90,2018/7/19 20:17
光束分析仪(23),参数,根据工艺文件指引，检查调试好的产品是否达到要求,达到要求,2,90,2018/7/19 20:17
光束分析仪(23),数据连接线,检测数据连接线是否完好与紧固 ,完好，紧固,2,90,2018/7/19 20:17
光纤头自动组装机（53）,感应器,检查感应器是否正常,正常,2,90,2018/7/19 20:17
光纤头自动组装机（53）,清洁,机台外观是否干净,干净,2,90,2018/7/19 20:17
光纤头自动组装机（53）,振盘,检查振盘上料是否顺畅,无卡料,2,90,2018/7/19 20:17
光纤头自动组装机（53）,转盘,检查转盘旋转是否正常,旋转后每个工位无偏差,2,90,2018/7/19 20:17
光纤头自动组装机（53）,组装位置,检查每个组装位置是否对准,产品组装到位无损伤,2,90,2018/7/19 20:17
光源(40),按键,重复切换通道是否正常,切换正常,2,90,2018/7/19 20:17
光源(40),光功率,用光功计检测光功率是否有衰减,衰减小于1dbm,2,90,2018/7/19 20:17
光源(40),连接头,手持式端检仪检测连接头端面,端面无损坏,2,90,2018/7/19 20:17
光源(40),稳定性,短期稳定性变量小于0.05db,小于0.05db,2,90,2018/7/19 20:17
可程式烘箱(46),计时器,检查计时器功能是否正常,正常,2,90,2018/7/19 20:17
可程式烘箱(46),密封性,检查喷雾是否有漏雾漏水现象,无漏雾漏水,2,90,2018/7/19 20:17
可程式烘箱(46),气压,检查气压是否能达到0.2~0.4MPa,0.2~0.4MPa,2,90,2018/7/19 20:17
可程式烘箱(46),清洁,清洁箱体内脏物,无脏物,2,90,2018/7/19 20:17
可程式烘箱(46),水管道,清除水管道中脏物,无脏物,2,90,2018/7/19 20:17
可程式烘箱(46),温度,查看设置温度与实际温度小于1度,小于1度,2,90,2018/7/19 20:17
离心脱泡机(07),电机,运转时有无噪音,无噪音,2,90,2018/7/19 20:17
离心脱泡机(07),计时器,检查时间是否准确,正常,2,90,2018/7/19 20:17
离心脱泡机(07),清洁,机台外观是否干净，拆机清洁转盘内部残留胶水,干净,2,90,2018/7/19 20:17
离心脱泡机(07),压力开关,压力开关是否正常,正常,2,90,2018/7/19 20:17
离心脱泡机(07),转速按扭,转速按扭调节是否正常,正常,2,90,2018/7/19 20:17
立式固化炉(10),风扇,风扇是否正常运转,正常,2,90,2018/7/19 20:17
立式固化炉(10),计时器,检查时间是否准确,正常,2,90,2018/7/19 20:17
立式固化炉(10),开关,机台各部开关是否灵活,正常,2,90,2018/7/19 20:17
立式固化炉(10),清洁,机台外观是否干净,干净,2,90,2018/7/19 20:17
立式固化炉(10),温控器,检查温控器设定温度与实测温度是否一致,±5度,2,90,2018/7/19 20:17
裸长仪(13),清洁,机台外观是否干净,干净,2,90,2018/7/19 20:17
裸长仪(13),探针,检查检测探针头部是否平整,表面平整无损伤,2,90,2018/7/19 20:17
裸长仪(13),探针,探针来回是否灵活。,正常,2,90,2018/7/19 20:17
裸长仪(13),校准,用归零块清零后使用“对比件”检测核对。,±0mm,2,90,2018/7/19 20:17
喷码机（52）,墨线,检查墨线是否在回收管正中,墨线在回收管正中,2,90,2018/7/19 20:17
喷码机（52）,喷印,检查喷印字体是否清晰,清晰无散墨,2,90,2018/7/19 20:17
喷码机（52）,喷嘴,检查喷嘴是否干净,干净无污渍,2,90,2018/7/19 20:17
喷码机（52）,清洁,机台外观是否干净,干净,2,90,2018/7/19 20:17
喷码机（52）,正极板、负极板,检查正极板和负极板是否平行,正常,2,90,2018/7/19 20:17
千分尺（51）,按键,检查电源键、置零键、公/英制转换键是否正常,正常,2,90,2018/7/19 20:17
千分尺（51）,测量面,检查测量面是否磨损或变形,无磨损或变形,2,90,2018/7/19 20:17
千分尺（51）,清洁,机台外观是否干净,干净,2,90,2018/7/19 20:17
千分尺（51）,校准,清零后使用“标准件”检测核对。,±0.02mm,2,90,2018/7/19 20:17
切割机(25),V形槽,目检光纤V型槽是否损伤或有脏物,无损伤和无脏污,2,90,2018/7/19 20:17
切割机(25),刀架,目检刀架,无损坏变形,2,90,2018/7/19 20:17
切割机(25),刀口,用棉签蘸少量酒精清洁刀口,无损伤和无脏污,2,90,2018/7/19 20:17
切割机(25),滑块,推动滑块,顺畅,2,90,2018/7/19 20:17
切割机(25),检查切割质量,试切三次，检查端面情况,平齐，小于1度,2,90,2018/7/19 20:17
切割机(25),上下压垫,目检上下压垫脏物 灰尘,无脏物灰尘 ,2,90,2018/7/19 20:17
热剥机(31),测试,试剥10条测试断纤,无断纤,2,90,2018/7/19 20:17
热剥机(31),刀片,在45X显微镜检查刀片缺口,无缺口,2,90,2018/7/19 20:17
热剥机(31),温度,用温度计检查定档温度,按标准,2,90,2018/7/19 20:17
熔接机(24),CCD物镜,清洁及检查CCD物镜,无脏污,2,90,2018/7/19 20:17
熔接机(24),电弧放电检查,"准备两根切好的光纤,根据菜单做放电检查",合格,2,90,2018/7/19 20:17
熔接机(24),电极棒,目检光纤压块/V型槽是否损伤或有脏物,电极棒应尖锐干净,2,90,2018/7/19 20:17
熔接机(24),光纤压块/V型槽,目检光纤压块/V型槽是否损伤或有脏物,无损伤和无脏污,2,90,2018/7/19 20:17
熔接机(24),检查熔接质量,试熔接3根光纤，检查估计损耗,小于0.03db,2,90,2018/7/19 20:17
熔接机(24),镜面污点检查,根据菜单做镜面污点检查,合格,2,90,2018/7/19 20:17
熔接机(24),压脚 反射镜,用棉签擦试反射镜与压压脚上的脏物灰尘,目检无脏物与灰尘,2,90,2018/7/19 20:17
三维调节架(29),夹具,检查夹具是否有胶与脏物,无胶无脏物,2,90,2018/7/19 20:17
三维调节架(29),调节杆,检查调节杆是灵活,灵活无阻力,2,90,2018/7/19 20:17
手动弹簧拉压试验机(12),测量盘,检查测量盘是否有变形损坏,表面平整无损伤,2,90,2018/7/19 20:17
手动弹簧拉压试验机(12),测量手柄,检查测量手柄是否灵活,正常,2,90,2018/7/19 20:17
手动弹簧拉压试验机(12),清洁,机台外观是否干净,干净,2,90,2018/7/19 20:17
手动弹簧拉压试验机(12),显示尺,用标准量块检查变形量显示尺是否准确,±0.01mm,2,90,2018/7/19 20:17
数显卡尺（50）,按键,检查电源键、置零键、公/英制转换键是否正常,正常,2,90,2018/7/19 20:17
数显卡尺（50）,测量面,检查测量面是否磨损或变形,无磨损或变形,2,90,2018/7/19 20:17
数显卡尺（50）,清洁,机台外观是否干净,干净,2,90,2018/7/19 20:17
数显卡尺（50）,校准,清零后使用“标准件”检测核对。,±0.02mm,2,90,2018/7/19 20:17
双纤调节半自动调节系统（35）,光学校准,校准平台是否正常,平台正常,2,90,2018/7/19 20:17
双纤调节半自动调节系统（35）,夹具,检查清洁夹具是否有胶与脏物,无有胶与脏物,2,90,2018/7/19 20:17
双纤调节半自动调节系统（35）,连接线紧固,检查各连接线接口是否紧固,紧固,2,90,2018/7/19 20:17
双纤调节半自动调节系统（35）,探头,检查探头是否有损坏,无损坏,2,90,2018/7/19 20:17
四角研磨机(05),风扇,检查风扇是否正常运转,正常,2,90,2018/7/19 20:17
四角研磨机(05),接地,检查接地是否良好,良好,2,90,2018/7/19 20:17
四角研磨机(05),开关和定时器,接电后检测定时器和开关功能是否正常,正常,2,90,2018/7/19 20:17
四角研磨机(05),清洁,检查研磨机外观是否干净,干净,2,90,2018/7/19 20:17
四角研磨机(05),托盘和齿轮,检测托盘平整度和齿轮转动润滑情况,20um,2,90,2018/7/19 20:17
四角研磨机(05),压力柱,检查压力柱压力是否正常,正常,2,90,2018/7/19 20:17
调光对准系统(28),CCD,检查CCD的完好,完好无脏物,2,90,2018/7/19 20:17
调光对准系统(28),各接口,检查各接口是否紧定,检查各接口是否紧定,2,90,2018/7/19 20:17
调光对准系统(28),夹具,检查夹具是否有磨损,无磨损,2,90,2018/7/19 20:17
调光对准系统(28),千分尺,检查千分尺的灵活,灵活无无阻力,2,90,2018/7/19 20:17
同心度测试仪(04),光源,检查光源亮度是否正常,正常,2,90,2018/7/19 20:17
同心度测试仪(04),夹具,用显微镜检查套筒是否有磨损、变形,正常,2,90,2018/7/19 20:17
同心度测试仪(04),夹具稳定性,用对比件重复测试10次对比同心度和角度是否正常,同心度±0.1um、角度±10,2,90,2018/7/19 20:17
同心度测试仪(04),焦距旋钮,检查调动焦距旋钮图像清晰度是否正常,正常,2,90,2018/7/19 20:17
同心度测试仪(04),镜头,目检镜头是否有脏污或损伤,无脏污或损伤,2,90,2018/7/19 20:17
卧式固化炉 (11),计时器,检查时间是否准确,正常,2,90,2018/7/19 20:17
卧式固化炉 (11),开关,机台各部开关是否灵活,正常,2,90,2018/7/19 20:17
卧式固化炉 (11),清洁,机台外观是否干净,干净,2,90,2018/7/19 20:17
卧式固化炉 (11),温控器,检查温控器设定温度与实测温度是否一致,±5度,2,90,2018/7/19 20:17
旋片式真空泵(17),固定件,检查固定件是否有松动,无松动,2,90,2018/7/19 20:17
旋片式真空泵(17),开关,检查开关功能是否正常,正常,2,90,2018/7/19 20:17
旋片式真空泵(17),清洁,机台外观是否干净,干净,2,90,2018/7/19 20:17
旋片式真空泵(17),油位,检查真空泵油位,应在最大和最小标志线之间,2,90,2018/7/19 20:17
旋片式真空泵(17),运行,检查机器运行是否正常,正常,2,90,2018/7/19 20:17
压接机(06),过滤器,检查过滤器是否有油,2/3以上,2,90,2018/7/19 20:17
压接机(06),夹具,上模及底模螺丝是否松动或变形磨损,正常,2,90,2018/7/19 20:17
压接机(06),脚踏,脚踏开关是否灵活,良好,2,90,2018/7/19 20:17
压接机(06),气缸,检查气缸是否有漏气或漏油,正常,2,90,2018/7/19 20:17
压接机(06),气压表,气压表压力调节压力显示是否正常,正常,2,90,2018/7/19 20:17
压接机(06),清洁,检查压接机外观是否干净,干净,2,90,2018/7/19 20:17
研磨机(30),废液槽,检查废液槽有积槽清理,无积液,2,90,2018/7/19 20:17
研磨机(30),紧固,检查所以电子元器件紧固,紧固,2,90,2018/7/19 20:17
研磨机(30),修面刀,检查修面刀是否有缺口与损坏,无缺口与损坏,2,90,2018/7/19 20:17
研磨机(30),研磨盘,检查研磨盘的平整,平整,2,90,2018/7/19 20:17
研磨机(30),轴承,检查轴承是否灵活上油,灵活,2,90,2018/7/19 20:17
研磨盘(22),3D,研磨3盘检查3D合格率和端面合格率,3D合格率95%，端面合格率90%,2,90,2018/7/19 20:17
研磨盘(22),卡子,检查卡子是否破损,无破损,2,90,2018/7/19 20:17
研磨盘(22),清洁,检查夹具外观、卡槽是否干净,干净,2,90,2018/7/19 20:17
研磨盘(22),研磨孔,检查研磨孔有无磨损、损伤,无磨损、损伤,2,90,2018/7/19 20:17
盐雾试验机(45),计时器,检查计时器功能是否正常,正常,2,90,2018/7/19 20:17
盐雾试验机(45),密封性,检查喷雾是否有漏雾漏水现象,无漏雾漏水,2,90,2018/7/19 20:17
盐雾试验机(45),气压,检查气压是否能达到0.2~0.4MPa,0.2~0.4MPa,2,90,2018/7/19 20:17
盐雾试验机(45),清洁,清洁箱体内脏物,无脏物,2,90,2018/7/19 20:17
盐雾试验机(45),水管道,清除水管道中脏物,无脏物,2,90,2018/7/19 20:17
盐雾试验机(45),温度,查看设置温度与实际温度小于1度,小于1度,2,90,2018/7/19 20:17
装配半自动调节系统（36）,夹具,检查清洁夹具是否有胶与脏物,无有胶与脏物,2,90,2018/7/19 20:17
装配半自动调节系统（36）,连接线紧固,检查各连接线接口是否紧固,紧固,2,90,2018/7/19 20:17
装配半自动调节系统（36）,探头,检查探头是否有损坏,无损坏,2,90,2018/7/19 20:17
准直器半自动调节系统(49),电机,检查调试电机行程是否正常无异常声音,行程正常无异常声音,2,90,2018/7/19 20:17
准直器半自动调节系统(49),夹具,检查夹具是否有胶与脏物,无胶无脏物,2,90,2018/7/19 20:17
准直器半自动调节系统(49),气动元件,检查调试所以气动元件是否正常工作,正常工作,2,90,2018/7/19 20:17
准直器半自动调节系统(49),气压,检查气压是否在正常范围内,0.3MPa~06MPa,2,90,2018/7/19 20:17
紫外线照度仪(42),连接线,检查连接线是否完好，无接触不良现象,完成,2,90,2018/7/19 20:17
紫外线照度仪(42),授光器,目检探头镜片是否有损坏与磨损,无损坏磨损,2,90,2018/7/19 20:17
紫外线照度仪(42),稳定性,测试时查看变量,小于0.05nw m2,2,90,2018/7/19 20:17
自动打包机(21),裁刀,检查裁刀是否锋利,正常,2,90,2018/7/19 20:17
自动打包机(21),开关,检查机器各部开关是否良好,良好,2,90,2018/7/19 20:17
自动打包机(21),皮带,检查皮带是否有损坏,无损坏,2,90,2018/7/19 20:17
自动打包机(21),清洁,检查机台外观是否干净，清洁机器内部。,干净,2,90,2018/7/19 20:17
自动打包机(21),烫嘴,检查烫嘴温度是否正常,正常,2,90,2018/7/19 20:17
自动切管机(09),按键,检查按键功能是否正常,正常,2,90,2018/7/19 20:17
自动切管机(09),切刀,切刀刀口处是否有损伤,正常,2,90,2018/7/19 20:17
自动切管机(09),清洁,机台外观是否干净,干净,2,90,2018/7/19 20:17
自动切管机(09),旋转滚轴,旋转滚轴是否压紧空管，送料是否正常，表面有无破损,正常,2,90,2018/7/19 20:17
自动切管机(09),压力开关,压力开关是否正常,正常,2,90,2018/7/19 20:17
自动切管机(09),长度,裁切5根确认空管长是否正常,±1mm,2,90,2018/7/19 20:17
